{
    "version": 1,
    "samplesPerInference": 50000,
    "axesCount": 1,
    "classes": [
        "fatiga",
        "no_fatiga"
    ],
    "deployCounter": 2,
    "folders": {
        "input": "/home/input",
        "output": "/home/output"
    },
    "frequency": 1000,
    "impulse": {
        "inputBlocks": [
            {
                "id": 3,
                "type": "time-series",
                "name": "Time series",
                "title": "Time series data",
                "padZeros": true,
                "windowSizeMs": 50000,
                "windowIncreaseMs": 1023,
                "frequencyHz": 1000,
                "createdBy": "createImpulse",
                "createdAt": "2025-07-06T18:38:51.041Z"
            }
        ],
        "dspBlocks": [
            {
                "metadata": {
                    "created": "2025-07-06T19:29:46.370Z",
                    "dspConfig": {
                        "options": {
                            "scale-axes": 1,
                            "filter-cutoff": 3,
                            "filter-order": 6,
                            "fft-length": 16,
                            "spectral-peaks-count": 3,
                            "spectral-peaks-threshold": 0.1,
                            "spectral-power-edges": "0.1, 0.5, 1.0, 2.0, 5.0",
                            "do-log": true,
                            "do-fft-overlap": true,
                            "wavelet-level": 1,
                            "extra-low-freq": false,
                            "input-decimation-ratio": "1",
                            "filter-type": "none",
                            "analysis-type": "FFT",
                            "wavelet": "db4"
                        },
                        "performance": {
                            "latency": 1024,
                            "ram": 200660
                        },
                        "calculateFeatureImportance": true
                    },
                    "labels": [
                        "fatiga",
                        "no_fatiga"
                    ],
                    "featureLabels": [
                        "emg RMS",
                        "emg Skewness",
                        "emg Kurtosis",
                        "emg Spectral Skewness",
                        "emg Spectral Kurtosis",
                        "emg Spectral Power 31.25 - 93.75 Hz",
                        "emg Spectral Power 93.75 - 156.25 Hz",
                        "emg Spectral Power 156.25 - 218.75 Hz",
                        "emg Spectral Power 218.75 - 281.25 Hz",
                        "emg Spectral Power 281.25 - 343.75 Hz",
                        "emg Spectral Power 343.75 - 406.25 Hz",
                        "emg Spectral Power 406.25 - 468.75 Hz",
                        "emg Spectral Power 468.75 - 531.25 Hz"
                    ],
                    "valuesPerAxis": 13,
                    "windowCount": 87,
                    "featureCount": 13,
                    "windowSizeMs": 50000,
                    "windowIncreaseMs": 1023,
                    "frequency": 1000,
                    "padZeros": true,
                    "outputConfig": {
                        "type": "flat",
                        "shape": {
                            "width": 13
                        }
                    },
                    "performance": {
                        "latency": 1024,
                        "ram": 200660
                    },
                    "fftUsed": [
                        16
                    ],
                    "includeEmptyLabels": false,
                    "inputShape": [
                        50000
                    ],
                    "includedSamplesAreInOrder": true,
                    "resamplingAlgorithmVersion": 2
                },
                "id": 4,
                "type": "spectral-analysis",
                "name": "Spectral features",
                "axes": [
                    "emg"
                ],
                "title": "Spectral Analysis",
                "input": 3,
                "implementationVersion": 4,
                "createdBy": "createImpulse",
                "createdAt": "2025-07-06T18:38:51.041Z"
            }
        ],
        "learnBlocks": [
            {
                "thresholds": {
                    "minConfidenceRating": 0.6
                },
                "id": 5,
                "type": "keras",
                "name": "Classifier",
                "dsp": [
                    4
                ],
                "title": "Classification",
                "createdBy": "createImpulse",
                "createdAt": "2025-07-06T18:38:51.041Z"
            }
        ]
    },
    "project": {
        "name": "IA",
        "id": 737022,
        "owner": "Christianap12",
        "apiKey": "ei_91d981eeaa0a2c60e6ea0f1459686e5dc331c3b255d577a866b8bb0c10b402d4",
        "studioHost": "studio.edgeimpulse.com"
    },
    "sensor": "fusion",
    "tfliteModels": [
        {
            "arenaSize": 2944,
            "inputFrameSize": 13,
            "inputTensor": "dense_input",
            "outputTensor": "y_pred/Softmax:0",
            "details": {
                "modelType": "int8",
                "inputs": [
                    {
                        "dataType": "int8",
                        "name": "serving_default_x:0",
                        "shape": [
                            1,
                            13
                        ],
                        "quantizationScale": 0.5765246152877808,
                        "quantizationZeroPoint": -126
                    }
                ],
                "outputs": [
                    {
                        "dataType": "int8",
                        "name": "StatefulPartitionedCall:0",
                        "shape": [
                            1,
                            2
                        ],
                        "quantizationScale": 0.00390625,
                        "quantizationZeroPoint": -128
                    }
                ]
            },
            "modelPath": "/home/input/trained.tflite"
        }
    ]
}